,Input Your Factors Returns Here - Risk Factors 2 to 10 are randomized values and should be replaced by choosen factors,,,,,,,,,,Input Security Returns here  -  Securities 1 to 10 are randomized values and should be replaced by choosen securities,,,,,,,,,
,Risk Factor 1 - S&P500,Risk Factor 2,Risk Factor 3,Risk Factor 4,Risk Factor 5,Risk Factor 6,Risk Factor 7,Risk Factor 8,Risk Factor 9,Risk Factor 10,Security Return 1,Security Return 2,Security Return 3,Security Return 4,Security Return 5,Security Return 6,Security Return 7,Security Return 8,Security Return 9,Security Return 10
31/1/00,-0.055648482,0.010616638,0.089622806,0.054992297,0.088523887,0.082799982,0.064502792,0.027731509,0.030098871,0.069859773,0.053823518,0.058567426,0.028073719,0.055935961,0.015599541,0.078878467,0.060050682,0.008184636,0.099289938,0.020212159
29/2/00,-0.023419635,0.076575652,0.04582224,0.075983195,0.021877685,0.090882266,0.083543201,0.088479154,0.045087206,0.090263176,0.091288955,0.052420814,0.00294229,0.011139443,0.02574633,0.098173555,0.034100884,0.070503819,0.011869683,0.011786273
31/3/00,0.088636197,0.087909788,0.033857122,0.097939237,0.077272799,0.066872596,0.088240526,0.018046911,0.023017722,0.062187607,0.05084247,0.018819133,0.089221836,0.015170823,0.090920667,0.052321757,0.003413321,0.002994646,0.016632829,0.002518447
28/4/00,-0.035153752,0.026482796,0.023212928,0.070146176,0.066471219,0.073937371,0.017409691,0.017440742,0.081659829,0.018325574,0.098635779,0.052104907,0.004883944,0.071057508,0.03055351,0.011259754,0.046969407,1.34481E-05,0.013245703,0.039388425
31/5/00,-0.025736197,0.028754292,0.07878898,0.021470061,0.023317379,0.072765405,0.089723969,0.088046357,0.080818003,0.079384765,0.083826739,0.032539775,0.096532056,0.088512878,0.016593393,0.090792479,0.034658755,0.010793232,0.039084252,0.064600529
30/6/00,0.020353617,0.062685392,0.050249836,0.010639446,0.067686846,0.058518017,0.066488361,0.004877457,0.073903171,0.04191839,0.039599739,0.078540442,0.085003728,0.084944625,0.020378643,0.030759274,0.098542768,0.066235608,0.059280954,0.055561716
31/7/00,-0.020495693,0.057218835,0.031111401,0.007238184,0.089455424,0.048000493,0.08203766,0.023204803,0.04159093,0.082694285,0.032294145,0.055478463,0.092317445,0.013081886,0.02723134,0.028121633,0.070095908,0.093209348,0.004053365,0.098916416
31/8/00,0.05526204,0.015252194,0.09828911,0.06332108,0.00686905,0.063148491,0.037823252,0.023187178,0.064418923,0.064762195,0.099772738,0.086448747,0.003824301,0.094584263,0.06321662,0.028441676,0.091339153,0.020115525,0.032407635,0.093467416
29/9/00,-0.059340518,0.059378407,0.005316009,0.030553052,0.042997722,0.059618418,0.020795583,0.05398555,0.019597452,0.084520647,0.093835743,0.074499995,0.047050871,0.022844793,0.029740879,0.064192467,0.021349771,0.090484797,0.070266381,0.098544401
31/10/00,-0.009842037,0.082592048,0.084510121,0.066788829,0.074569948,0.062537454,0.06833931,0.059848037,0.096742139,0.034301577,0.09288423,0.029636298,0.007353358,0.007328483,0.094183217,0.09400956,0.061842326,0.023283774,0.058838463,0.063180698
30/11/00,-0.08721612,0.065348144,0.064202858,0.022054117,0.050123144,0.085474258,0.091949051,0.08836665,0.088166596,0.008447825,0.036779299,0.071795507,0.072436815,0.059857262,0.080676891,0.012869365,0.069371943,0.024814492,0.031162038,0.006231803
29/12/00,-0.000124627,0.027120772,0.024422327,0.068738428,0.07827989,0.054515343,0.042089442,0.07864481,0.030564715,0.086894232,0.074903523,0.013731612,0.075808323,0.035654738,0.040298413,0.059922566,0.042330969,0.05630649,0.015512105,0.047800152
31/1/01,0.029463879,0.089924073,0.087833008,0.004704405,0.072675324,0.09281008,0.056363809,0.088548305,0.091831096,0.039618147,0.060121827,0.096573542,0.042495636,0.089960281,0.087299686,0.07387086,0.076393779,0.065818424,0.08922433,0.008750438
28/2/01,-0.099418685,0.022142772,0.014317977,0.021648409,0.019393525,0.096699238,0.08049997,0.033711221,0.094539231,0.038880694,0.001355187,0.005888088,0.055394068,0.071665938,0.095826261,0.071731799,0.042458189,0.02271139,0.006542694,0.043833887
30/3/01,-0.069645253,0.070616579,0.093897355,0.073807205,0.032753512,0.038546145,0.011953581,0.022694166,0.017178268,0.089979952,0.099207767,0.057519082,0.040525541,0.076467593,0.055722393,0.038988876,0.024020912,0.002010773,0.009178438,0.046886808
30/4/01,0.070930821,0.08423976,0.04808883,0.026888941,0.079600893,0.060735653,0.064830147,0.055434291,0.012996422,0.069134725,0.0290665,0.065060591,0.018447593,0.064002411,0.058553316,0.058877954,0.0010753,0.052358649,0.086606965,0.059987005
31/5/01,0.003476573,0.024945611,0.019701618,0.054276904,0.063724738,0.006353424,0.046020297,0.077486253,0.042207322,0.061176776,0.081012866,0.011359322,0.093167676,0.07375661,0.078567568,0.008399786,0.014987299,0.090494899,0.082429433,0.08109581
29/6/01,-0.027446548,0.082838104,0.070245514,0.038342558,0.064200503,0.068327455,0.043884707,0.083478215,0.037031466,0.049508334,0.030701032,0.029943418,0.047798427,0.037913456,0.000113307,0.06613282,0.044867186,0.027003709,0.067510161,0.095593502
31/7/01,-0.012902838,0.059402955,0.031943783,0.068765743,0.025546832,0.062115461,0.056339389,0.029887827,0.00637901,0.093914425,0.052816289,0.088940058,0.086789139,0.03521698,0.026249039,0.053041662,0.000764082,0.026588059,0.098171119,0.079897054
31/8/01,-0.067744138,0.013936933,0.024685706,0.05259158,0.068121237,0.031176641,0.069773891,0.090764195,0.083529109,0.059053997,0.035195739,0.008115902,0.055356404,0.036440999,0.05498292,0.031775989,0.022722857,0.048591938,0.022068618,0.030569101
28/9/01,-0.087013971,0.033385163,0.032945569,0.024595762,0.070522785,0.034956168,0.092727603,0.083759695,0.053752545,0.057728017,0.034427739,0.037445487,0.04204404,0.098432705,0.029565243,0.090874627,0.092137672,0.073790916,0.009379811,0.094608848
31/10/01,0.016674414,0.035796156,0.072945956,0.028113445,0.092849886,0.0279706,0.020975662,0.063198493,0.03584146,0.018729417,0.009281119,0.002164444,0.084609518,0.051208685,0.054851258,0.074938301,0.047437144,0.045310235,0.045018257,0.050090783
30/11/01,0.072215151,0.064703473,0.049636184,0.077153441,0.085787492,0.001822636,0.096045057,0.04402303,0.042969059,0.020225187,0.055453588,0.011264693,0.099757867,0.062952994,0.080724782,0.003710744,0.051166914,0.023819278,0.050827915,0.026066138
31/12/01,0.007221361,0.096517519,0.016089406,0.082848907,0.073992016,0.023525382,0.008726321,0.033564943,0.0828568,0.056143114,0.001049569,0.011679417,0.081764775,0.073582112,0.067305407,0.097428817,0.0665946,0.069264156,0.090813672,0.003033768
31/1/02,-0.01610059,0.005531874,0.064560824,0.018639088,0.098460692,0.095427331,0.093656098,0.067705848,0.063918992,0.089371101,0.008876719,0.092672966,0.021928356,0.057425605,0.098610302,0.022660316,0.056109568,0.066968235,0.095370588,0.002023712
28/2/02,-0.020786679,0.031597097,0.057883868,0.003669325,0.004865357,0.018304557,0.048791573,0.04221541,0.019059111,0.080227121,0.085031114,0.092106086,0.007348026,0.051908149,0.04656773,0.001379504,0.054359891,0.05815831,0.033716457,0.065351413
29/3/02,0.035619123,0.013500791,0.035873577,0.051711401,0.086844457,0.073547565,0.064281021,0.002478362,0.072039276,0.060635089,0.034634594,0.012021889,0.030286181,0.015919069,0.05044549,0.005591298,0.032346104,0.082489899,0.093908617,0.06638402
30/4/02,-0.064058955,0.061912036,0.047159222,0.072478575,0.036176239,0.069541087,0.088277346,0.01613456,0.07766139,0.073212421,0.00252117,0.088375235,0.058414851,0.033490353,0.051746823,0.057587496,0.066518664,0.038150947,0.024422094,0.069240582
31/5/02,-0.008794818,0.036296789,0.043333252,0.091058999,0.019136667,0.002127167,0.004364512,0.033169305,0.004461388,0.091931267,0.014105071,0.027341844,0.085535949,0.054092984,0.062737295,0.024053635,0.099681091,0.045558619,0.0936261,0.050923671
28/6/02,-0.075109012,0.046552996,0.004552487,0.084558329,0.091994971,0.042733002,0.079931005,0.066584434,0.099359378,0.003154669,0.054368968,0.049877612,0.08356703,0.098020791,0.04292057,0.064404917,0.021892721,0.066741913,0.013636086,0.096948397
31/7/02,-0.082652088,0.08414844,0.08042812,0.064238319,0.03286671,0.063951074,0.044399185,0.024550933,0.009691121,0.045517519,0.086909646,0.012374241,0.087887056,0.007441018,0.080957039,0.033964671,0.07643624,0.078726282,0.013063532,0.023272342
30/8/02,0.005122667,0.068028936,0.059269468,0.087794072,0.054893283,0.089670536,0.096348623,0.030731221,0.065482656,0.041749933,0.021645033,0.02393522,0.004681631,0.070196453,0.003626908,0.007077365,0.093195835,0.056633066,0.046377774,0.084094541
30/9/02,-0.11645355,0.003231788,0.066270563,0.081762597,0.01548518,0.061590244,0.069735419,0.083713389,0.076665001,0.0518524,0.040550087,0.052555314,0.096485317,0.011565925,0.087801714,0.040636474,0.025459963,0.097150491,0.089394585,0.052309384
31/10/02,0.08295862,0.063733732,0.093823426,0.069972232,0.054850339,0.097330621,0.001052036,0.045989439,0.057050476,0.082736059,0.047527482,0.058042879,0.050458138,0.039821622,0.0731252,0.097258679,0.036768773,0.029924113,0.094680974,0.042592571
29/11/02,0.055991409,0.063746202,0.038756331,0.014158251,0.058009449,0.093654129,0.056979924,0.01907531,0.065836034,0.000860159,0.043697609,0.038756298,0.093639206,0.061635282,0.03818761,0.008223612,0.080006975,0.046677072,0.044255833,0.085832222
31/12/02,-0.061648662,0.086942634,0.044951471,0.046277352,0.000256715,0.027225915,0.090107077,0.035720538,0.046637623,0.055305686,0.047420399,0.048647155,0.046804732,0.026287467,0.089732889,0.005495807,0.060017679,0.03418834,0.052866682,0.014895124
31/1/03,-0.027546747,0.078243962,0.045675443,0.055839808,0.096298235,0.006285396,0.045374166,0.00861153,0.006831239,0.056154294,0.042627192,0.093702982,0.030452326,0.082827057,0.059912652,0.086389751,0.063445151,0.036483476,0.030520925,0.021017889
28/2/03,-0.01601777,0.001037116,0.086066392,0.01308202,0.000702625,0.061266487,0.097211839,0.074033019,0.049507866,0.018345085,0.066230844,0.082661068,0.081938238,0.048880156,0.030221017,0.099237357,0.095124046,0.040242106,0.084537218,0.02897862
31/3/03,0.008652902,0.051891851,0.014762161,0.037268417,0.054386034,0.015929334,0.001713086,0.010645641,0.05663115,0.033986763,0.076367742,0.093130149,0.016195337,0.039372301,0.032132246,0.022833266,0.076098774,0.078177887,0.046636259,0.092853568
30/4/03,0.078136013,0.010300494,0.007257115,0.070409765,0.061885448,0.061292465,0.036164644,0.075590305,0.07736549,0.00780338,0.043743816,0.077229961,0.093495843,0.018801963,0.023425506,0.071612908,0.061169103,0.0731006,0.006330224,0.00385844
30/5/03,0.050441135,0.078441708,0.096403886,0.001616329,0.098053463,0.056472639,0.099096533,0.084728147,0.084081801,0.066714509,0.077943709,0.049689428,0.082209298,0.009408611,0.057123232,0.058374989,0.053684792,0.057374311,0.039911281,0.027901978
30/6/03,0.011666907,0.00895041,0.002654428,0.053800367,0.024545492,0.097058028,0.084045155,0.085814759,0.010475709,0.049414289,0.004157634,0.002451317,0.061176449,0.00889814,0.056128724,0.077473914,0.032897386,0.009146063,0.033647013,0.07793502
31/7/03,0.016744349,0.077726339,0.01818263,0.089778295,0.091911808,0.004101733,0.083300245,0.068753627,0.082110592,0.025213654,0.060775918,0.084918152,0.093098569,0.00316475,0.067943968,0.082548401,0.02735929,0.024720043,0.070215424,0.00716437
29/8/03,0.018605117,0.038891819,0.091254037,0.082359866,0.034473989,0.014845066,0.011715845,0.064918861,0.04645281,0.045677276,0.046746542,0.011977762,0.041827961,0.052560463,0.059921982,0.067375695,0.095626818,0.025899028,0.0839343,0.044569758
30/9/03,-0.011476476,0.053094716,0.084464866,0.090892825,0.095450224,0.048684485,0.079876421,0.076841141,0.061202871,0.086386303,0.078701687,0.038563887,0.034101952,0.046274197,0.096059996,0.093627221,0.00324424,0.038715705,0.094355063,0.081452903
31/10/03,0.054284199,0.029664182,0.016962056,0.053087404,0.087881776,0.04450132,0.09536669,0.065973667,0.029547856,0.074745656,0.021513962,0.084046704,0.067462217,0.038619258,0.032089957,0.068928813,0.033866148,0.047728972,0.096479516,0.088374699
28/11/03,0.008044056,0.091940208,0.08745965,0.079266783,0.054156916,0.088831276,0.077871668,0.084437916,0.085392481,0.090227466,0.031053295,0.004642967,0.018208309,0.009609361,0.004346262,0.079353126,0.010502753,0.028066228,0.017770586,0.024184905
31/12/03,0.050309638,0.06516539,0.046389883,0.097895355,0.011411422,0.028015237,0.035013083,0.088687731,0.065413334,0.08160768,0.032835359,0.060420712,0.081578553,0.058334004,0.057933542,0.035725899,0.02611711,0.039459861,0.089553169,0.069066812
30/1/04,0.017487323,0.057767675,0.013309162,0.09747947,0.010309319,0.038856601,0.00147669,0.064228124,0.091066164,0.013379983,0.002768987,0.006947836,0.05831153,0.048887102,0.040575079,0.016358915,0.017022293,0.027758297,0.09640256,0.062046501
27/2/04,0.013194044,0.053996473,0.083194751,0.038736434,0.04883637,0.062913388,0.094119826,0.058932481,0.02268041,0.04695768,0.026977961,0.080125922,0.043309326,0.090672283,0.083418104,0.037390276,0.092288002,0.063620342,0.000171688,0.004624657
31/3/04,-0.016102788,0.095233245,0.045508815,0.062385296,0.056268729,0.018977085,0.005643279,0.032501775,0.041201315,0.086585325,0.004305549,0.032040151,0.05292832,0.054138511,0.033385159,0.036054115,0.099269721,0.034832447,0.073452047,0.064053146
30/4/04,-0.016616373,0.021700027,0.012764137,0.064395831,0.033699272,0.02816912,0.094921384,0.041677954,0.053807298,0.011434297,0.062430496,0.017710028,2.1208E-05,0.080175766,0.088297353,0.01673363,0.021845302,0.003657444,0.07238284,0.015048353
31/5/04,0.013013836,0.054321927,0.041066253,0.080073152,0.018439732,0.094027636,0.095742189,0.003417199,0.048184826,0.018596661,0.082617263,0.038166161,0.021141774,0.003815768,0.032176328,0.039470762,0.004688135,0.044389077,0.076965986,0.014545781
30/6/04,0.018464928,0.091194502,0.05941286,0.097354414,0.020843527,0.09165949,0.03125983,0.081556465,0.00894234,0.046424642,0.040638249,0.067137056,0.054317955,0.0317476,0.005881594,0.077888351,0.085376989,0.07665095,0.094286778,0.03623922
30/7/04,-0.034660245,0.09078755,0.089435412,0.076018692,0.051445725,0.08003479,0.053282692,0.095701619,0.092305673,0.074382412,0.067501726,0.093339857,0.040026772,0.033913278,0.083122301,0.08562245,0.083293897,0.093855046,0.094351977,0.05426415
31/8/04,0.002928465,0.081264856,0.059383075,0.093433436,0.044851992,0.025180172,0.07154607,0.092618123,0.02094484,0.02310494,0.000299612,0.093140863,0.030968275,0.021509136,0.014793969,0.044983773,0.092200849,0.020430059,0.045946562,0.070222002
30/9/04,0.009666492,0.016416699,0.055422514,0.029178683,0.011715785,0.088110921,0.095410937,0.06074576,0.043127693,0.076337284,0.04094809,0.051726034,0.057463697,0.060847625,0.081818804,0.003043752,0.085552769,0.096722925,0.039465096,0.044725607
29/10/04,0.014065401,0.095146758,0.096295821,0.059447961,0.082633577,0.021603223,0.078183678,0.027531798,0.059556007,0.070554736,0.006512319,0.027903006,0.071533628,0.082209395,0.077765279,0.019383537,0.055922939,0.073430036,0.082337399,0.05736145
30/11/04,0.038160018,0.084753011,0.061739313,0.095603886,0.041388316,0.047973302,0.073719161,0.090245998,0.0579485,0.037751414,0.062952794,0.07735202,0.011003682,0.098271423,0.068006454,0.055571426,0.035307807,0.036902489,0.062286879,0.052212091
31/12/04,0.031838267,0.092687986,0.08727954,0.006860423,0.051110782,0.007387001,0.030799094,0.048506361,0.04036352,0.006892553,0.074403005,0.033431682,0.077799103,0.063614912,0.08288867,0.008963548,0.005536301,0.063770347,0.013659731,0.080556326
31/1/05,-0.02627823,0.002609377,0.095575598,0.089942075,0.078321484,0.049989211,0.046010375,0.062855364,0.051786383,0.069669697,0.018665983,0.096508243,0.088048873,0.049273208,0.093378533,0.078712574,0.00145487,0.018262925,0.045956444,0.027359989
28/2/05,0.019223904,0.005667921,0.035193577,0.058628011,0.075101341,0.012100489,0.032435783,0.087427242,0.000725981,0.041640008,0.07710762,0.046501212,0.070125445,0.049568326,0.091277268,0.044148013,0.080924064,0.069095751,0.010875919,0.007798576
31/3/05,-0.019967286,0.007228346,0.021965992,0.054325828,0.08860859,0.061010622,0.077227292,0.009796683,0.084984887,0.033929369,0.037154338,0.007977537,0.069635767,0.02868137,0.00547208,0.012392235,0.077289767,0.006258689,7.15797E-05,0.074830171
29/4/05,-0.021244892,0.051655897,0.083622735,0.066915629,0.071040344,0.063036172,0.076429077,0.082888966,0.073032679,0.020283247,0.053020151,0.009271421,0.000562352,0.003670279,0.003600603,0.009853523,0.052049072,0.087335865,0.098375909,0.008964099
31/5/05,0.02892092,0.074621038,0.083268318,0.098608964,0.081182915,0.030856993,0.009171982,0.075303551,0.053827235,0.092211622,0.099174534,0.059038985,0.011506147,0.092791702,0.073210698,0.001461539,0.070427813,0.039646673,0.080367574,0.089077712
30/6/05,-0.000879559,0.024944341,0.036120451,0.060647647,0.035556755,0.040300992,0.065704267,0.057044319,0.004659492,0.001612403,0.086129895,0.023292081,0.027639155,0.094776339,0.089372488,0.036642692,0.023075478,0.074873076,0.040661643,0.057904932
29/7/05,0.034111854,0.022312289,0.044838629,0.002538445,0.018172562,0.012028735,0.077518487,0.048388824,0.094991097,0.007433178,0.088084005,0.093642242,0.056816234,0.091537074,0.040085112,0.053440573,0.029082314,0.09450147,0.00474472,0.065652526
31/8/05,-0.012165036,0.071740954,0.031275439,0.007996129,0.084680578,0.019804964,0.022363985,0.09108849,0.084501029,0.055232119,0.036247925,0.075041048,0.078064619,0.059655558,0.08521516,0.030381588,0.09832584,0.039069686,0.073089682,0.043522024
30/9/05,0.005166448,0.082867079,0.082263793,0.010229034,0.059291892,0.079573351,0.072183095,0.028660825,0.036726934,0.078114742,0.024697506,0.040227552,0.098271698,0.062847572,0.090217544,0.014930527,0.058589565,0.05917454,0.048162358,0.0171482
31/10/05,-0.019506677,0.085640546,0.000353673,0.097881318,0.051703254,0.024432048,0.011177899,0.044267049,0.085074159,0.052872879,0.055628573,0.026527048,0.093760494,0.090516079,0.067426753,0.004302999,0.048464078,0.069020159,0.044606049,0.01164362
30/11/05,0.034021613,0.071184968,0.009282006,0.004283634,0.042358817,0.007779695,0.059719298,0.003054199,0.077415365,0.001469047,0.078955603,0.035504096,0.090072189,0.042640573,0.02033132,0.049512895,0.09368001,0.064070352,0.049723306,0.099277029
30/12/05,-0.002899615,0.094654774,0.021472709,0.04350133,0.027096281,0.038853287,0.083785689,0.087968983,0.020597943,0.052886574,0.08019995,0.061133961,0.081154939,0.005597936,0.051470811,0.017748169,0.043958679,0.04073026,0.089725158,0.073387856
31/1/06,0.022639706,0.097053658,0.015465047,0.075562352,0.071467255,0.00628303,0.05523204,0.0762054,0.062144505,0.072183547,0.093170549,0.034954231,0.055250855,0.099019091,0.013509261,0.068139604,0.038419561,0.022155852,0.006044964,0.013604235
28/2/06,-0.000700116,0.017514988,0.048693826,0.029912479,0.098075832,0.02830426,0.097512152,0.09913695,0.029388561,0.097921959,0.052456108,0.015335669,0.053986033,0.053386572,0.031881399,0.070494095,0.013632541,0.082085504,0.072459021,0.036692403
31/3/06,0.008661172,0.069893798,0.055633572,0.020580779,0.036833961,0.095928552,0.054651425,0.062009869,0.064032406,0.067455822,0.087870405,0.093520825,0.080688172,0.009101174,0.053685034,0.034950305,0.005109503,0.039036815,0.043869907,0.086286536
28/4/06,0.00973529,0.07368643,0.065801521,0.060867889,0.089382457,0.028816276,0.059300868,0.015589851,0.008981892,0.020688768,0.032328923,0.062371907,0.043089278,0.083262535,0.038611143,0.090998462,0.074823419,0.08421074,0.007190139,0.024400936
31/5/06,-0.033502059,0.073325642,0.08094449,0.013588384,0.039786246,0.028487455,0.021927304,0.033418795,0.032420287,0.064426045,0.088276378,0.034379218,0.015472696,0.016818423,0.014195613,0.020439741,0.027185017,0.090807822,0.090598505,0.042522745
30/6/06,-0.00267507,0.036524124,0.046360605,0.099125095,0.062826445,0.066219454,0.027892786,0.098063503,0.089691133,0.064593434,0.069332542,0.073479492,0.085532011,0.074810464,0.070560835,0.020362572,0.034387389,0.08781315,0.058612107,0.000616779
31/7/06,0.002152728,0.030361013,0.000904873,0.00991265,0.090309746,0.078999096,0.051078258,0.016020599,0.031290997,0.029873378,0.081199242,0.016863414,0.047309507,0.023273467,0.070296437,0.068242733,0.003811539,0.019271831,0.025010686,0.079805713
31/8/06,0.019315961,0.081379272,0.062533875,0.063640131,0.027440588,0.075599736,0.004961581,0.043292,0.079023689,0.008012792,0.075880849,0.038938915,0.0477469,0.006344318,0.088148314,0.074224286,0.067076242,0.059277398,0.041564499,0.039306726
29/9/06,0.02131985,0.032176581,0.085279994,0.037291695,0.021201853,0.014636815,0.082630069,0.014149335,0.064435725,0.080702334,0.019787107,0.002480063,0.058900951,0.032235527,0.05644514,0.076940009,0.084777823,0.024384941,0.040568601,0.046041458
31/10/06,0.027962311,0.04136204,0.023545655,0.082539406,0.092016865,0.080104793,0.051238967,0.023775648,0.08827226,0.056896453,0.070733376,0.091518952,0.073432593,0.069253119,0.038108366,0.085200632,0.025278641,0.056496203,0.090476715,0.003384709
30/11/06,0.014638886,0.050902796,0.027016636,0.053388298,0.02103496,0.069359028,0.074770615,0.010153274,0.066929718,0.096482685,0.095924669,0.02272802,0.098249045,0.045340966,0.011253394,0.013828092,0.027293608,0.092482974,0.098761555,0.08609564
29/12/06,0.009844521,0.061509708,0.065543358,0.018669938,0.067729517,0.087003231,0.088330203,0.082074351,0.08407266,0.002181706,0.044826215,0.046461605,0.070039886,0.08399788,0.033451773,0.011084508,0.040053882,0.077871709,0.081787405,0.023658152
31/1/07,0.010608308,0.006982009,0.08285563,0.080622995,0.059469632,0.035489413,0.038844525,0.035676809,0.090950462,0.054124236,0.033375275,0.016107749,0.067284317,0.03273583,0.00945416,0.010847849,0.089198447,0.06489699,0.013774678,0.077272357
28/2/07,-0.023548453,0.073729072,0.075984971,0.01193789,0.083494127,0.048030319,0.014720748,0.055908814,0.079793945,0.032761195,0.059930164,0.041204782,0.036123616,0.089522147,0.073011369,0.05596009,0.002615102,0.072698883,0.015700049,0.098938335
30/3/07,0.00680763,0.059771452,0.070424904,0.059711624,0.051724736,0.088908723,0.041770184,0.003729253,0.053897963,0.07839043,0.049361679,0.035084275,0.075732302,0.071818489,0.084831695,0.040779447,0.047357598,0.03700435,0.011891832,0.094768235
30/4/07,0.038946735,0.001738659,0.019912687,0.050856402,0.079648462,0.03717952,0.066759357,0.081722748,0.086024128,0.033750461,0.061938147,0.012691694,0.022042905,0.032799981,0.054555506,0.010463868,0.050421442,0.043025265,0.038581223,0.095625897
31/5/07,0.030190304,0.008644511,0.054093185,0.092634816,0.072608293,0.087575786,0.007116013,0.057085411,0.030276503,0.081565947,0.019046143,0.033978314,0.07718394,0.080541939,0.007089108,0.019246827,0.017653028,0.059989096,0.029393471,0.031518959
29/6/07,-0.020762448,0.039921351,0.001441236,0.060394514,0.082576663,0.032036343,0.013113638,0.082403635,0.091713938,0.041473452,0.061465636,0.023431289,0.056297355,0.057854391,0.00615537,0.03285281,0.082578071,0.032621071,0.091369002,0.032823592
31/7/07,-0.035492993,0.046665122,0.044312744,0.025695437,0.048504821,0.01962255,0.026887975,0.028791146,0.071662588,0.065896553,0.07592187,0.022248665,0.002859613,0.068007598,0.054273454,0.06260475,0.015482063,0.058308857,0.088638977,0.090936143
31/8/07,0.010676692,0.032218635,0.033717851,0.042814061,0.071885257,0.03754905,0.017664365,0.043339097,0.004987882,0.080807771,0.015749454,0.096639646,0.044706067,0.080910203,0.055616087,0.054284832,0.08636553,0.036451274,0.047169042,0.054243149
28/9/07,0.033506476,0.01299386,0.07522398,0.082289706,0.065393152,0.07551776,0.097251571,0.031475556,0.038402687,0.014304525,0.087758052,0.004287513,0.089421699,0.084194473,0.024346847,0.071628628,0.008060321,0.050109986,0.093392609,0.035050687
31/10/07,0.012581218,0.071231197,0.057013535,0.094530693,0.089163683,0.02238032,0.092829247,0.054555423,0.03174459,0.014401494,0.028843975,0.019316751,0.073453891,0.057550788,0.049418927,0.055309618,0.025640163,0.03078531,0.021084405,0.082113418
30/11/07,-0.04529644,0.008876891,0.031241534,0.034393363,0.021340809,0.045887981,0.009971911,0.068697149,0.078623209,0.035012166,0.05363713,0.084179269,0.030667183,0.011924664,0.054760148,0.062199866,0.060358995,0.04304445,0.068491543,0.075167387
31/12/07,-0.009700211,0.065798651,0.050988738,0.000377533,0.082338931,0.090599966,0.057350376,0.058713808,0.083943615,0.017437869,0.013748478,0.019680318,0.014873241,0.091343345,0.079288308,0.070818998,0.002232684,0.002490839,0.018698846,0.065452587
31/1/08,-0.063957164,0.052065902,0.032862744,0.038470099,0.093996773,0.010680444,0.030576174,0.093683012,0.057371535,0.047926393,0.089127407,0.007311176,0.084355788,0.087856184,0.061894085,0.012585344,0.078515876,0.064974713,0.068914848,0.005779692
29/2/08,-0.034329349,0.046244088,0.057071914,0.097529169,0.061635016,0.043213935,0.073845611,0.005687032,0.073369555,0.01170338,0.062378635,0.086258931,0.051843758,0.020807612,0.050185343,0.070996639,0.052569931,0.075463538,0.074324192,0.014154911
31/3/08,-0.00603262,0.067610427,0.096979999,0.000341188,0.024932823,0.003818935,0.023843591,0.068203872,0.011351591,0.026899582,0.061643262,0.062268249,0.006407845,0.082662806,0.082860028,0.045609726,0.086843262,0.033134291,0.046094652,0.072000086
30/4/08,0.045759433,0.02193832,0.095886306,0.023363392,0.068146706,0.066218917,0.062001589,0.026580029,0.041138532,0.093519579,0.083968497,0.057451095,0.009329895,0.063067762,0.007089824,0.04735319,0.095633438,0.055008035,0.056828497,0.048188062
30/5/08,0.011069286,0.001460498,0.099056788,0.084562065,0.081967373,0.03383635,0.089915127,0.007118415,0.053735543,0.03973473,0.087978288,0.059922572,0.093080323,0.033831456,0.033461096,0.094520747,0.093528846,0.077525542,0.023716621,0.075410147
30/6/08,-0.089779289,0.011221664,0.008516782,0.028362058,0.062475609,0.056723842,0.014924596,0.083820547,0.020978563,0.034570293,0.016229403,0.057887159,0.072344595,0.091246788,0.003715362,0.080510471,0.033223267,0.049290386,0.045287959,0.089333169
31/7/08,-0.009941768,0.002995362,0.062380354,0.037893995,0.022692317,0.089729212,0.030266632,0.010066235,0.099302358,0.06515149,0.031782176,0.03299333,0.087730643,0.06386557,0.004643309,0.072079736,0.065870166,0.082014769,0.056896777,0.087223978
29/8/08,0.013063374,0.098415416,0.055752438,0.086803832,0.0558171,0.000850354,0.071993416,0.072733634,0.029932769,0.030483061,0.03192174,0.08025452,0.015003953,0.096313524,0.02650405,0.066952363,0.020512265,0.035903828,0.003009941,0.094865979
30/9/08,-0.094839,0.085234749,0.033726238,0.067331516,0.016990509,0.083763616,0.004066496,0.051496184,0.0942594,0.080364621,0.045177622,0.005712689,0.021379944,0.050116606,0.052464426,0.045537492,0.060262349,0.026022083,0.011137209,0.071290708
31/10/08,-0.184663699,0.036866404,0.033772358,0.000588515,0.040464224,0.028114311,0.071671563,0.0545065,0.086040743,0.070768425,0.036372797,0.02131369,0.029195863,0.043383318,0.048367598,0.027311093,0.020640293,0.078621173,0.09586042,0.037623024
28/11/08,-0.074752004,0.082687247,0.032073453,0.062144433,0.017964677,0.058708009,0.03353081,0.098950982,0.002606658,0.026872369,0.020561996,0.036575845,0.017896186,0.086000225,0.037158878,0.018580914,0.089903316,0.083902385,0.003965911,0.081432489
31/12/08,0.010569434,0.024727525,0.097869481,0.059808219,0.007263986,0.015779494,0.09758802,0.056483356,0.051161574,0.029459327,0.032111048,0.020746408,0.08697575,0.016248204,0.025057003,0.021269309,0.005473144,0.049034584,0.020307987,0.031392345
30/1/09,-0.088048187,0.003767824,0.026052076,0.099770149,0.002053914,0.081693714,0.084616076,0.001017784,0.033721232,0.089303189,0.058701965,0.077287553,0.092245085,0.024209585,0.051633901,0.007039725,0.022337615,0.017279538,0.045883897,0.055281681
27/2/09,-0.112685178,0.052398707,0.002762835,0.041625962,0.013295036,0.000928413,0.006801874,0.000720329,0.064341591,0.051198748,0.004321833,0.062165348,0.007252457,0.080602311,0.08556203,0.039578906,0.031923236,0.042108872,0.02739888,0.056079038
31/3/09,0.083772532,0.057844879,0.05442608,0.093639036,0.02839828,0.098625199,0.082278998,0.090471811,0.010171041,0.024250768,0.012494512,0.051092531,0.00535169,0.03306702,0.085843008,0.088187783,0.065306059,0.054510357,0.037050299,0.012590355
30/4/09,0.091284085,0.071974908,0.063846363,0.044618012,0.089052535,0.069207317,0.025024158,0.001424745,0.050193601,0.083041542,0.078082861,0.04599769,0.023833185,0.024407864,0.051928468,0.023172582,0.056350606,0.091144592,0.015152604,0.024590713
29/5/09,0.054393858,0.026931749,0.031478742,0.030469298,0.016992418,0.038793398,0.086500657,0.000409743,0.05523285,0.052658971,0.069218378,0.037983907,0.04806807,0.012937237,0.065171308,0.021603595,0.093786564,0.041669983,0.040414206,0.08839329
30/6/09,0.001877274,0.024829772,0.041728881,0.092530808,0.0951011,0.020262043,0.098511986,0.081405252,0.000222891,0.004845161,0.00684673,0.001362462,0.009001659,0.02810231,0.006145113,0.077336775,0.012298704,0.024726976,0.039715558,0.044873639
31/7/09,0.072807409,0.030743251,0.091558054,0.021292872,0.020045716,0.058029806,0.041534651,0.09126523,0.082662803,0.027876256,0.043424121,0.001263502,0.078201755,0.064902909,0.06609832,0.042029421,0.034935092,0.030145091,0.063263878,0.03892134
31/8/09,0.035338532,0.082756647,0.08930219,0.024622724,0.007490002,0.058283276,0.086398763,0.008900818,0.062904219,0.008269072,0.025165057,0.073177202,0.074487403,0.018419856,0.076561447,0.001051544,0.063385488,0.0067176,0.067903738,0.01307491
30/9/09,0.036541692,0.033136649,0.035758277,0.074837633,0.016117744,0.09580858,0.050665396,0.042849443,0.032625408,0.056668637,0.08541476,0.062883386,0.05827929,0.006073085,0.080493919,0.01740485,0.060724161,0.045610239,0.047760504,0.071048745
30/10/09,-0.018771462,0.032227324,0.054138947,0.01478266,0.058542343,0.096818054,0.025291274,0.06036652,0.052449033,0.017845957,0.043851927,0.051259191,0.045485278,0.057322006,0.007284854,0.053707807,0.096602445,0.055022621,0.00928431,0.018818587
30/11/09,0.058223003,0.071859008,0.006445916,0.075287678,0.094491706,0.050151979,0.067520844,0.061768283,0.020092684,0.078351149,0.011143669,0.076591286,0.011336274,0.025641528,0.052776326,0.08120474,0.087613325,0.069811314,0.02467162,0.00884856
31/12/09,0.019028537,0.079846033,0.06902704,0.076890963,0.029720807,0.04859388,0.051583818,0.020434113,0.067386787,0.007011341,0.063820833,0.00255262,0.089770069,0.03644111,0.087558351,0.064414864,0.012535095,0.049389064,0.06989598,0.021564851
29/1/10,-0.036633747,0.066245579,0.067963104,0.085919229,0.085601684,0.010170397,0.030144169,0.054604944,0.014634778,0.031720849,0.087089311,0.075040787,0.003385543,0.047212497,0.077986173,0.055050916,0.092383477,0.087576987,0.04915179,0.02838324
26/2/10,0.030486203,0.093344141,0.078120937,0.001024444,0.068558255,0.055018042,0.02367538,0.097294163,0.057744578,0.057254684,0.039600174,0.005655518,0.065047984,0.049667452,0.094911951,0.040994757,0.066918343,0.058795589,0.045684572,0.017614671
31/3/10,0.05849632,0.006056017,0.026631645,0.098742593,0.041048036,0.049075056,0.070842058,0.040671689,0.012634484,0.024949514,0.009487148,0.041897237,0.096620994,0.029285873,0.074248233,0.031303965,0.008205788,0.014730977,0.072460804,0.040284603
30/4/10,0.015557123,0.080874113,0.040892862,0.098479692,0.060631234,0.011502051,0.037069645,0.047832203,0.020022677,0.056689866,0.08145859,0.034335719,0.005927435,0.010175048,0.084538757,0.050467865,0.009704646,0.039094514,0.081935437,0.085113943
31/5/10,-0.083316115,0.056138079,0.032231431,0.021297666,0.009497493,0.088440865,0.085480312,0.084449805,0.012826143,0.096062774,0.0193171,0.032286359,0.064868614,0.01747623,0.07624441,0.084664244,0.078738989,0.018939053,0.059480112,0.079320637
30/6/10,-0.053875523,0.009499964,0.045465091,0.032428997,0.046479761,0.097971558,0.063470341,0.069368776,0.077758599,0.071503259,0.086889767,0.001093371,0.045249482,0.03476985,0.086342823,0.042437437,0.009675318,0.006136738,0.094758809,0.079059605
30/7/10,0.067613721,0.07875454,0.070851396,0.080019781,0.023296918,0.009097426,0.041209561,0.033952409,0.036866426,0.02294232,0.013580488,0.013075972,0.082448051,0.093611949,0.042107843,0.042790973,0.082940881,0.089907332,0.003719929,0.028674158
31/8/10,-0.046297584,0.000970672,0.086161559,0.002858167,0.019025344,0.033390318,0.086058929,0.054159329,0.059010531,0.000182834,0.019167678,0.071660829,0.044325926,0.096860454,0.043622581,0.039548949,0.023103838,0.017779166,0.099376792,0.01562154
30/9/10,0.085380116,0.027752748,0.083281741,0.025054655,0.042641206,0.043042064,0.034764085,0.043323881,0.008781494,0.00980577,0.075415538,0.085341169,0.077492823,0.074722822,0.076482515,0.056234348,0.082259741,0.020397169,0.007177636,0.082371591
29/10/10,0.037242192,0.044633076,0.094964592,0.072163008,0.070561379,0.095737391,0.087118214,0.004853083,0.065034084,0.065942816,0.083530233,0.088018589,0.046759692,0.013306958,0.080543386,0.027816294,0.075185712,0.052667558,0.072186471,0.083098576
30/11/10,2.04E-05,0.025811076,0.048044572,0.05877384,0.044607894,0.067853335,0.096060239,0.077992252,0.091757514,0.066855164,0.094607208,0.034835302,0.047295268,0.042055104,0.039307272,0.054450638,0.025019099,0.036223791,0.091436454,0.077980418
31/12/10,0.064598645,0.007353042,0.002508172,0.090942032,0.051789376,0.025969344,0.096821811,0.08042896,0.003198829,0.051001841,0.010352544,0.087266631,0.060324969,0.089870117,0.070016377,0.075948461,0.041758826,0.013971642,0.030178003,0.013892874
31/1/11,0.023320861,0.039044873,0.002294388,0.016295572,0.035026926,0.097040466,0.055865624,0.053853391,0.037426737,0.047170884,0.083535185,0.092391008,0.05588757,0.072772477,0.074256173,0.0384494,0.024782034,0.079431942,0.003696422,0.049335336
28/2/11,0.033577213,0.053190532,0.087574644,0.020021495,0.066890611,0.002328139,0.051696853,0.09012971,0.081949916,0.00947261,0.091971445,0.023024652,0.019678166,0.07737233,0.047870376,0.034054058,0.012122791,0.038151536,0.017248259,0.072518326
31/3/11,0.000303357,0.051724866,0.011118893,0.073743265,0.004824228,0.091520009,0.059288565,0.075755909,0.062008386,0.03966378,0.015970811,0.067933589,0.050573236,0.082409095,0.036150035,0.083593237,0.005274086,0.069911567,0.026196934,0.001577114
29/4/11,0.02917691,0.027999968,0.015484456,0.011623232,0.030174027,0.005329311,0.02783756,0.088567742,0.03810486,0.072966554,0.024603437,0.072449388,0.022194442,0.093839286,0.067063499,0.037099328,0.06080833,0.009223615,0.028128392,0.008320372
31/5/11,-0.011387112,0.015195709,0.039207901,0.017158112,0.094555122,0.092057779,0.023852024,0.046635719,0.095260039,0.003634036,0.018358599,0.09593188,0.084142871,0.07137792,0.051331492,0.000555197,0.036068055,0.093757029,0.070077833,0.075562283
30/6/11,-0.016810873,0.075601597,0.054241155,0.078437324,0.067168466,0.009582802,0.083192588,0.067531947,0.089312296,0.064665643,0.074141869,0.01788132,0.032999335,0.081329922,0.046766507,0.064642143,0.097264778,0.080186667,0.026972818,0.086658713
29/7/11,-0.020550454,0.057214135,0.010328528,0.011951046,0.079716828,0.014680508,0.010641986,0.034119528,0.096885957,0.076455054,0.013823847,0.07876791,0.03544702,0.011193008,0.01290106,0.006361805,0.08243166,0.066540707,0.063699421,0.05264849
31/8/11,-0.055961805,0.005283807,0.006504874,0.000734535,0.006195057,0.046713667,0.006875895,0.01830057,0.045788984,0.043512255,0.028507894,0.092385019,0.015514446,0.021122349,0.030814874,0.098420793,0.079992136,0.092954336,0.013204987,0.051014762
30/9/11,-0.072889396,0.030790369,0.029648315,0.05469477,0.013539243,0.037097815,0.057171492,0.036884961,0.083449751,0.064718549,0.011045251,0.006173383,0.094541542,0.016688851,0.035571207,0.052623156,0.002354284,0.006745408,0.076502889,0.048544208
31/10/11,0.103721851,0.029603453,0.074263827,0.047255696,0.082069348,0.015136654,0.047091798,0.082724793,0.043721656,0.010302694,0.085428165,0.023122319,0.076314767,0.000559948,0.037362495,0.094825231,0.031968341,0.098135269,0.032196461,0.017698654
30/11/11,-0.002222511,0.029454693,0.042686139,0.084090148,0.01966733,0.0710402,0.019250837,0.001587208,0.004411738,0.071806995,0.063423659,0.003260623,0.095382312,0.027624636,0.078730392,0.012466714,0.088159499,0.099003743,0.055284828,0.086686802
30/12/11,0.010158733,0.021748858,0.020823298,0.066301294,0.026756559,0.056068234,0.088259417,0.082457902,0.077676605,0.032788716,0.064446505,0.003920354,0.036109664,0.030419928,0.02416248,0.068054363,0.020697633,0.052304034,0.024398072,0.091004511
31/1/12,0.043837141,0.04626093,0.084912457,0.045028853,0.085563303,0.053190056,0.089770372,0.019360474,0.037586275,0.050944308,0.048502685,0.082174528,0.081813614,0.023115465,0.033614934,0.018507191,0.07719956,0.084667658,0.0362018,0.052007468
29/2/12,0.042333634,0.083582954,0.067867415,0.016587186,0.089890323,0.098302547,0.03172303,0.094360114,0.079536795,0.033834513,0.074937512,0.050741028,0.066457941,0.057865633,0.044913066,0.070103419,0.004904856,0.004245407,0.091285984,0.078905417
30/3/12,0.032325201,0.036894893,0.000174461,0.086405527,0.013699987,0.054972486,0.046281063,0.072098019,0.098896672,0.051720904,0.089395765,0.043728871,0.081572612,0.004460141,0.018486085,0.028126554,0.010535018,0.091825786,0.027264647,0.074273753
30/4/12,-0.006302606,0.003002621,0.084633746,0.00668898,0.052262041,0.056960224,0.096445856,0.04673884,0.073102393,0.082570945,0.02331867,0.057897082,0.06590997,0.088645517,0.01932737,0.090271626,0.044040252,0.058719976,0.01554881,0.066524269
31/5/12,-0.062081224,0.070880563,0.048300659,0.028484041,0.027143582,0.041058242,0.053951897,0.094861803,0.08577746,0.046932102,0.052125483,0.051655009,0.010651468,0.056844208,0.073797497,0.077082089,0.066964772,0.019534941,0.064874291,0.083809867
29/6/12,0.040378065,0.013906489,0.00796882,0.023544656,0.076169354,0.037908632,0.07068362,0.085032456,0.098378152,0.060752923,0.070498575,0.04994104,0.081663055,0.086887543,0.029788756,0.068303814,0.009159534,0.028339935,0.014188896,0.015134174
31/7/12,0.013790325,0.053221303,0.031594036,0.001995849,0.029970107,0.071838226,0.050856907,0.077726762,0.00828076,0.003892106,0.056650514,0.058644852,0.079787845,0.039725593,0.04291512,0.088529959,0.002811218,0.06595,0.067431975,0.016622576
31/8/12,0.02219195,0.076795725,0.080129683,0.052831459,0.069174249,0.062416978,0.040127811,0.032406264,0.07492949,0.006258678,0.063646026,0.01302436,0.072073192,0.055993283,0.031036786,0.00886836,0.042646944,0.020777408,0.014099253,0.025056546
28/9/12,0.025410378,0.094142447,0.094618642,0.073386497,0.092743696,0.001401402,0.008128747,0.056568193,0.076422974,0.058877496,0.015199905,0.086706914,0.05651891,0.07655793,0.00238828,0.053906017,0.007652728,0.020339904,0.028915029,0.052552364
31/10/12,-0.018736498,0.035546739,0.026028134,0.04713764,0.095797009,0.04700288,0.050364058,0.042219812,0.001716748,0.0700118,0.04946004,0.043343321,0.008511411,0.043065103,0.025249106,0.032862872,0.041865312,0.089987831,0.086782046,0.006413779
30/11/12,0.005681812,0.019608477,0.076831585,0.088433994,0.092541306,0.072250349,0.047368003,0.008206609,0.013634084,0.070908553,0.046376026,0.01352662,0.093807936,0.039258514,0.014138399,0.032836087,0.034669081,0.011440844,0.085797256,0.085600153
31/12/12,0.008933599,0.085732929,0.049034187,0.075417801,0.031208404,0.006932992,0.016068936,0.010167673,0.070249314,0.00284169,0.052755356,0.041556273,0.044427959,0.005319829,0.04165303,0.01585679,0.015398206,0.000734426,0.031056348,0.039458667
31/1/13,0.05049406,0.063335722,0.042032824,0.035109469,0.096594383,0.091243277,0.068329465,0.025645433,0.0432668,0.003306075,0.00440955,0.061101102,0.010620328,0.073884385,0.058556726,0.082037288,0.08927287,0.026882728,0.081733018,0.057806809
28/2/13,0.013477292,0.078006296,0.074433513,0.049061281,0.048560777,0.066181432,0.035073138,0.044089577,0.067532667,0.057353698,0.0870729,0.079179415,0.086576006,0.091862203,0.094369403,0.037310818,0.009441561,0.029657631,0.089081884,0.020408028
29/3/13,0.036818623,0.053516134,0.003550904,0.034457931,0.049233381,0.030064724,0.000623676,0.082579665,0.080971634,0.026135912,0.064031578,0.083015241,0.09299248,0.087026521,0.061764538,0.034460482,0.069522406,0.071224974,0.008275382,0.090075629
30/4/13,0.019081503,0.065562231,0.003759172,0.007248352,0.080233905,0.082649269,0.021177189,0.00385052,0.053097715,0.078614265,0.007471967,0.028631637,0.029439312,0.097093644,0.088703967,0.032804628,0.016965203,0.015565664,0.041494358,0.080402998
31/5/13,0.023111066,0.06107172,0.094072876,0.091355825,0.060281571,0.020891233,0.000254014,0.040928138,0.078523268,0.05808767,0.086826338,0.000492188,0.056503792,0.080740066,0.000551384,0.026855868,0.061691465,0.094675669,3.52895E-05,0.022759089
28/6/13,-0.013517165,0.072324963,0.072514941,0.018823706,0.019093668,0.026306631,0.002945947,0.034228532,0.002598337,0.049315836,0.01702924,0.02120058,0.049245264,0.030688878,0.046832242,0.058140939,0.035331737,0.069002834,0.079029032,0.07127781
31/7/13,0.04963156,0.059116545,0.022275121,0.098317952,0.069241062,0.065924874,0.067359758,0.071838498,0.054537956,0.065034073,0.033263275,0.015338295,0.079406448,0.077016782,0.007988058,0.021441853,0.078837682,0.016749866,0.050622218,0.09516568
30/8/13,-0.029400333,0.034841385,0.008006959,0.057853948,0.007666442,0.042660631,0.038714907,0.086650869,0.074261258,0.096068007,0.067235774,0.058597544,0.072931364,0.083401751,0.087989357,0.05238288,0.057649395,0.001589692,0.071492364,0.00491824
30/9/13,0.030880485,0.08258644,0.087681378,0.032898299,0.003060407,0.063300287,0.093204031,0.019737288,0.066531956,0.016184972,0.01609466,0.071392291,0.025709667,0.089543576,0.070275386,0.047140445,0.07456121,0.09547841,0.017714649,0.092630486
31/10/13,0.044937921,0.096136275,0.080200541,0.060352832,0.004611092,0.094447538,0.071451962,0.003116597,0.047836185,0.048995906,0.063116721,0.072415204,0.081914705,0.00329378,0.020965729,0.099111621,0.062121701,0.01068223,0.083657524,0.014059383
29/11/13,0.030012886,0.01743772,0.097119914,0.031732443,0.022578697,0.066456184,0.039556177,0.034487708,0.080590784,0.049047805,0.006123531,0.095721405,0.032541217,0.03010923,0.024379099,0.029550793,0.041235625,0.051393417,0.018615313,0.011684495
31/12/13,0.024934505,0.026561055,0.099950593,0.08770371,0.08187155,0.045360866,0.028704083,0.069152688,0.073386343,0.091925944,0.021199872,0.077058163,0.068106023,0.060123314,0.0135705,0.060499199,0.07723457,0.094997495,0.021437407,0.08920099
31/1/14,-0.03518609,0.051391378,0.008894304,0.01490417,0.00771373,0.02473924,0.064718579,0.046194256,0.04884324,0.023467756,0.071049712,0.056570547,0.048065076,0.086815045,0.060528878,0.021638024,0.037643385,0.008853285,0.032264893,0.076128416
28/2/14,0.044719933,0.02540545,0.089718165,0.099874147,0.048319529,0.013330643,0.087303488,0.001440971,0.064214344,0.017185829,0.056333283,0.042573092,0.026109709,0.03926687,0.050809998,0.04003259,0.065310718,0.088735057,0.056185785,0.012228319
31/3/14,0.008372799,0.007135542,0.075154912,0.048121013,0.022882565,0.094836314,0.017302855,0.048945609,0.041603982,0.006467105,0.051446982,0.021595977,0.008052873,0.064447928,0.020432784,0.046876327,0.006104527,0.072400447,0.0538346,0.052113234
30/4/14,0.007362221,0.036170929,0.043113254,0.025020849,0.054339883,0.096385119,0.013235971,0.081749147,0.013720032,0.087588654,0.069090497,0.081915913,0.045672765,0.026265249,0.073314325,0.084706294,0.008532382,0.049191926,0.053442614,0.087277789
30/5/14,0.023194491,0.028391491,0.023806483,0.093266965,0.008480411,0.04934963,0.099777413,0.093466444,0.080518287,0.090459689,0.058502933,0.008658515,0.090498733,0.011466083,0.075569907,0.082239024,0.035201378,0.021337809,0.087780282,0.042280574
30/6/14,0.020447794,0.066385184,0.080237053,0.046935936,0.096951506,0.060960806,0.085621746,0.099859495,0.075714711,0.075293315,0.083655794,0.059048985,0.030755034,0.066753133,0.079782158,0.073280553,0.016634595,0.086792007,0.05371976,0.024583343
31/7/14,-0.01388828,0.050281967,0.016017496,0.022527969,0.04127728,0.050441958,0.064215973,0.048682235,0.063023856,0.023711627,0.096021101,0.07134933,0.01903945,0.054386824,0.034875999,0.006233865,0.070074542,0.048968779,0.052857686,0.083110266
29/8/14,0.039221964,0.005806303,0.09755086,0.006417812,0.017110122,0.051695447,0.055033041,0.067521432,0.044982819,0.029603187,0.066164406,0.022834454,0.07085016,0.044985665,0.061027271,0.05607514,0.066460928,0.034253296,0.029397496,0.044336016
30/9/14,-0.014120172,0.039255487,0.056180975,0.086018214,0.051128644,0.099980062,0.017132216,0.037786836,0.069293163,0.091981874,0.071495304,0.099661859,0.074352724,0.05765553,0.058208461,0.034467853,0.01049409,0.085610172,0.0793249,0.025547596
31/10/14,0.024126923,0.049855325,0.031598126,0.084645618,0.001721711,0.079990506,0.090588059,0.04561852,0.064337616,0.003200497,0.081638263,0.009341883,0.075109094,0.052586895,0.049191755,0.08630091,0.075389761,0.030876066,0.0101463,0.001962955
28/11/14,0.02652727,0.043252331,0.047472686,0.085086667,0.099304295,0.010730388,0.01850107,0.041951632,0.063751071,0.019172325,0.088987749,0.032976933,0.020834045,0.0001015,0.012405864,0.053734158,0.042206468,0.083449072,0.056175139,0.075228217
31/12/14,-0.002576573,0.061727917,0.095943922,0.038262437,0.00169753,0.023044964,0.081883678,0.085694925,0.034754272,0.056910527,0.099084553,0.076813378,0.073820557,0.082136665,0.096678862,0.07536949,0.083878691,0.038071732,0.056949103,0.029963208
30/1/15,-0.030478067,0.019808042,0.080101477,0.033587915,0.010364355,0.072035074,0.095285502,0.07040195,0.096576778,0.048718198,0.007260581,0.074305127,0.08819044,0.040609241,0.051396128,0.084053275,0.034765439,0.074000722,0.011288152,0.055044948
27/2/15,0.05587935,0.000851596,0.096716385,0.016957393,0.006846165,0.057638426,0.090793761,0.065557716,0.090020347,0.039477026,0.055001226,0.033973168,0.080005163,0.02837231,0.00643781,0.072575764,0.015914947,0.028538031,0.043401649,0.044839519
31/3/15,-0.015937986,0.011258926,0.020057166,0.085781111,0.0950131,0.044854817,0.057265899,0.055940409,0.087568482,0.082282605,0.006771321,0.051631815,0.064068281,0.013821431,0.033984884,0.074256635,0.076660315,0.030808702,0.043854806,0.035341196
30/4/15,0.009544407,0.067121687,0.083519931,0.048301803,0.01050997,0.065432727,0.049849302,0.028410537,0.015444506,0.071434656,0.088105795,0.048471479,0.095628969,0.058638362,0.03501955,0.067093962,0.017765618,0.011250582,0.013699066,0.048302142
29/5/15,0.012779214,0.084364401,0.018427847,0.047176198,0.026430869,0.037712695,0.018848954,0.04707248,0.039516165,0.011337375,0.013885818,0.002777935,0.093246229,0.003449302,0.051812487,0.04475343,0.088384459,0.028776727,0.047851052,0.012808895
30/6/15,-0.019547991,0.0444757,0.033287365,0.008598341,0.085295432,0.063308098,0.075150725,0.082880264,0.077975225,0.085126601,0.065619815,0.059806228,0.089555476,0.063479323,0.022373802,0.049879452,0.092925022,0.079861884,0.08488028,0.084367898
31/7/15,0.020737847,0.01343262,0.049752565,0.025625121,0.053885157,0.050074191,0.077186547,0.08455221,0.017254088,0.089802267,0.019752559,0.038456353,0.021844096,0.065324716,0.005145798,0.024366689,0.039745488,0.0063284,0.00012883,0.046414161
31/8/15,-0.062235201,0.039276735,0.074093746,0.087272861,0.091453537,0.090220674,0.021090122,0.071576276,0.026702072,0.097222784,0.006895244,0.021947187,0.082751282,0.085843042,0.08157807,0.018183172,0.097362502,0.053315127,0.029603014,0.032195843
30/9/15,-0.02505057,0.087573818,0.014246071,0.050121106,0.07633328,0.047130252,0.02424194,0.031317219,0.067211233,0.012356401,0.063627692,0.044500871,0.082845666,0.051559791,0.074610609,0.090348256,0.054789902,0.015234504,0.012436533,0.005121218
30/10/15,0.080982753,0.015911725,0.038521712,0.099043622,0.029965742,0.01315514,0.034195448,0.053800391,0.071463631,0.002804479,0.068592684,0.05978447,0.097528344,0.094162116,0.042401903,0.071275443,0.02614511,0.054314488,0.074506722,0.017175411
30/11/15,0.002970901,0.081483346,0.049000246,0.032334825,0.037524552,0.077526586,0.004334436,0.074357146,0.009772451,0.032682914,0.098145449,0.03288794,0.009163603,0.043199984,0.019183994,0.04403118,0.014938506,0.052627877,0.037454175,0.010550158
31/12/15,-0.016089543,0.04669259,0.045383392,0.098241383,0.054490371,0.049798524,0.018397843,0.081000963,0.030491004,0.038685173,0.037717858,0.094058802,0.076692879,0.053517679,0.000830867,0.017304852,0.024693371,0.058147048,0.047280908,0.034759499
29/1/16,-0.05099921,0.091711787,0.008862339,0.075078323,0.028503029,0.010627365,0.083204322,0.019860956,0.057741052,0.061351186,0.068886743,0.039097122,0.007450506,0.068585637,0.000445022,0.099376898,0.005454755,0.052938612,0.013158542,0.033011463
29/2/16,-0.001548387,0.004923729,0.074304975,0.017781554,0.015226551,0.034434129,0.057159339,0.016979332,0.054490441,0.073556829,0.025236501,0.065440583,0.092502679,0.094719422,0.085299816,0.046813016,0.091430344,0.013182658,0.067688734,0.020008858
31/3/16,0.065433787,0.027569714,0.001093899,0.075951843,0.032998029,0.031528871,0.095510122,0.06657082,0.065208801,0.051461172,0.038196539,0.066580956,0.032341468,0.091543533,0.077718309,0.028695999,0.008657965,0.016115145,0.053757892,0.011238011
29/4/16,0.003771605,0.096727024,0.071473783,0.073869727,0.084996032,0.036035646,0.086782534,0.022980622,0.016260355,0.087943659,0.079814785,0.06105274,0.047193211,0.057575224,0.094984977,0.018902929,0.093675483,0.015285466,0.036722507,0.064274637
31/5/16,0.017695025,0.075391511,0.035158602,0.089541898,0.003566352,0.099808373,0.060459958,0.0821639,0.051478364,0.03607841,0.071412615,0.03765647,0.060814469,0.08280886,0.071507885,0.045395853,0.087396477,0.066578408,0.002682137,0.02003303
30/6/16,0.002391985,0.040528425,0.076765071,0.071933793,0.060282993,0.08237582,0.045164925,0.071168114,0.028367852,0.008526152,0.011864537,0.068269477,0.002496767,0.060170356,6.0589E-05,0.081387176,0.092166861,0.090383356,0.099511009,0.081015552
29/7/16,0.036001277,0.02981228,0.092733097,0.008649131,0.073666805,0.03460077,0.08476468,0.087063107,0.036457507,0.033772665,0.091683834,0.070968529,0.022260153,0.095174979,0.048021819,0.039781652,0.01434088,0.083196203,0.025457943,0.013065273
31/8/16,0.001206242,0.042467211,0.056948072,0.089832809,0.015841501,0.031697615,0.063399832,0.084441058,0.082044983,0.070535221,0.066256022,0.038839089,0.042496129,0.066739736,0.032848203,0.005786534,0.032251056,0.080265766,0.016061711,0.051210602
30/9/16,-1.33E-05,0.018061622,0.040104422,0.097459507,0.061971216,0.096542668,0.082969494,0.068428852,0.099334777,0.073363666,0.026540138,0.058440465,0.089498789,0.007786585,0.067289802,0.081762651,0.047287745,0.02580704,0.055919412,0.079563294
31/10/16,-0.018610206,0.096314753,0.088643727,0.035930735,0.010037658,0.098023163,0.057404623,0.046906348,0.003271032,0.019203975,0.035810291,0.025320313,0.01627614,0.068822959,0.09103686,0.015779696,0.079142434,0.006384952,0.007732467,0.080086405
30/11/16,0.036266923,0.046623547,0.087136157,0.052584679,0.070538585,0.039712211,0.068927911,0.077571807,0.009436011,0.023132058,0.087515381,0.05657804,0.038690149,0.041294396,0.03962981,0.003577859,0.036946835,0.07690734,0.09701938,0.06952926
30/12/16,0.019207568,0.076998625,0.080879936,0.011500579,0.019680938,0.044491353,0.078879691,0.011301391,0.098619545,0.09230731,0.022058717,0.019239829,0.010169316,0.071643514,0.07031891,0.065969391,0.095330134,0.061055881,0.010969787,0.040985444
31/1/17,0.018388711,0.001012408,0.065222668,0.017557968,0.050688132,0.097464656,0.082282694,0.093280638,0.018525707,0.055842899,0.060939467,0.086681612,0.010461756,0.062208808,0.063416365,0.038397007,0.092903905,0.060174459,0.04621412,0.038426494
28/2/17,0.038537304,0.02338857,0.094072045,0.09239431,0.029313049,0.079979586,0.069980971,0.055718803,0.068208822,0.016421895,0.080520954,0.007667349,0.055187991,0.022148184,0.075519313,0.035414337,0.032326411,0.007908984,0.006258506,0.020183397
31/3/17,0.00086579,0.011816636,0.057355191,0.043513191,0.054773294,0.013353933,0.021368772,0.004808189,0.022024146,0.087478277,0.018363168,0.096680784,0.032582008,0.031129656,0.023423936,0.025240391,0.02866645,0.064194351,0.098686472,0.094482301
28/4/17,0.009718659,0.090521545,0.085572781,0.092624248,0.012526724,0.092563043,0.010528767,0.066841598,0.008444048,0.031544101,0.018403188,0.086423444,0.01185092,0.052365382,0.004115291,0.014293177,0.037081281,0.0139687,0.034158644,0.007406291
31/5/17,0.013373935,0.035588332,0.016732392,0.048796132,0.098020883,0.069935792,0.026662871,0.073687778,0.005142682,0.039040333,0.056606255,0.09969783,0.098682591,0.017811416,0.022533228,0.005963275,0.047095164,0.090270704,0.044534913,0.012402477
30/6/17,0.005621478,0.034960705,0.095980592,0.027265713,0.043303585,0.029309464,0.083629068,0.033012867,0.064233404,0.083342358,0.070821504,0.00106536,0.062318749,0.076596092,0.059694605,0.097174516,0.077926079,0.088423816,0.040700639,0.083349987
31/7/17,0.019653653,0.07244561,0.098694115,0.01598464,0.061228777,0.016013705,0.098960015,0.033708391,0.074645932,0.085309496,0.031914881,0.021186886,0.037815754,0.077143116,0.042820352,0.046447087,0.094542438,0.049788799,0.090316104,0.044431664
31/8/17,0.002156477,0.032284687,0.088280904,0.069705872,0.089778299,0.017248009,0.068500179,0.023219196,0.031699467,0.002566597,0.092649741,0.07056224,0.002184215,0.04578218,0.015606887,0.095512909,0.098875484,0.09247357,0.028236502,0.034475203
29/9/17,0.019518469,0.009226725,0.023332695,0.054058426,0.018326983,0.013621457,0.073502044,0.002386334,0.083333829,0.065039948,0.075019515,0.060477347,0.077576844,0.063462363,0.080600789,0.032696923,0.064597775,0.067124784,0.076202879,0.046199006
31/10/17,0.022165691,0.002761323,0.034207585,0.002591562,0.055631631,0.047658573,0.082241319,0.075316762,0.061435883,0.057335291,0.040277159,0.009324339,0.077642764,0.014161339,0.015200389,0.090555252,0.022834941,0.027552731,0.083297064,0.076178035
30/11/17,0.029410375,0.073039727,0.007996602,0.031095934,0.071359526,0.061166246,0.07902305,0.055858785,0.056734528,0.048355699,0.083024352,0.007941052,0.027649274,0.054771512,0.080082741,0.055979487,0.019216924,0.048999646,0.009796422,0.040351684
29/12/17,0.010086587,0.007953469,0.063787876,0.011997696,0.076661366,0.047698252,0.042602225,0.032612601,0.074150051,0.087982662,0.03346742,0.048586672,0.001528197,0.062763109,0.003120292,0.030731265,0.047460637,0.087192378,0.084385551,0.018503079
31/1/18,0.05455433,0.004473011,0.068503268,0.019894569,0.039519617,0.076057478,0.053215837,0.037853493,0.04400328,0.0142933,0.026451404,0.055528067,0.089511752,0.0306082,0.099462707,0.00509054,0.062263988,0.088527709,0.018281405,0.036356914
28/2/18,-0.03865626,0.095887947,0.097205105,0.058738849,0.061392442,0.032577915,0.047126484,0.037485455,0.016760519,0.006855909,0.061860336,0.007187346,0.03517359,0.0178893,0.020068495,0.07337555,0.011624445,0.05966689,0.01814363,0.044736205
30/3/18,-0.026940039,0.074926795,0.068021287,0.006402381,0.001538453,0.044035536,0.027230754,0.018098403,0.086013583,0.051420075,0.034176001,0.004627942,0.068224767,0.093687838,0.027038188,0.028201103,0.05333013,0.087900617,0.077794475,0.06800045
30/4/18,0.00242844,0.080034924,0.056945048,0.080079292,0.084193909,0.035215666,0.085647252,0.070444329,0.092962651,0.049309375,0.033444936,0.003664122,0.012337407,0.003836325,0.005571085,0.003970577,0.011636537,0.046383662,0.04835238,0.073526321
31/5/18,0.022392036,0.058089373,0.002215404,0.014230597,0.085623819,0.018898568,0.036663288,0.062060492,0.075003228,0.048416027,0.090765166,0.043730686,0.071675293,0.03849772,0.05992514,0.035840814,0.045758757,0.015138769,0.057906003,0.040792852
29/6/18,0.004736539,0.019707955,0.019906057,0.069592843,0.098206658,0.03694801,0.007389565,0.083549654,0.043592484,0.08723687,0.091985583,0.026597459,0.041626473,0.091345126,0.021252671,0.016458259,0.031463745,0.011100066,0.044355201,0.053734175
31/7/18,0.034939669,0.013359029,0.097510047,0.042028982,0.079103458,0.024703333,0.012316353,0.038481106,0.094239442,0.04853298,0.043872157,0.065410081,0.091885684,0.044113191,0.027896419,0.026364034,0.086636843,0.00021853,0.030766219,0.091485486
31/8/18,0.03046358,0.022431621,0.020472801,0.035699672,0.038890811,0.0546173,0.047669808,0.084655538,0.065002731,0.026926029,0.059553114,0.041248126,0.03679347,0.096546509,0.040730515,0.069131269,0.031022757,0.074795614,0.015381641,0.082430321
28/9/18,0.004175638,0.037434153,0.029716128,0.063059522,0.037372007,0.06092426,0.005251129,0.049403082,0.098546371,0.058860496,0.039867527,0.004126564,0.095133067,0.030233251,0.041472165,0.064921035,0.027054184,0.064944602,0.068164953,0.083698021
31/10/18,-0.072700509,0.075478614,0.003358303,0.030537105,0.086466426,0.080417304,0.01751058,0.042001993,0.096098241,0.082197871,0.069495715,0.024802339,0.091254901,0.067069824,0.073379358,0.003384565,0.033147384,0.061709306,0.004907084,0.031505247
30/11/18,0.018370597,0.052909118,0.09366901,0.06072519,0.056459326,0.016910723,0.041908076,0.036162813,0.02054802,0.071071437,0.054281897,0.030004782,0.042428146,0.038591152,0.056738216,0.010165156,0.051740336,0.070149104,0.085101096,0.087776544
31/12/18,-0.096575231,0.020849569,0.051741758,0.072510562,0.007205369,0.038274843,0.076635238,0.099028856,0.067439861,0.034676003,0.088513385,0.067054511,0.056992171,0.050161048,0.002524824,0.061854094,0.054507124,0.030735791,0.03936799,0.033592574
31/1/19,0.074985443,0.091195885,0.001338957,0.060596288,0.03918736,0.075353941,0.019257915,0.070904838,0.033230965,0.084944902,0.003864209,0.015430909,0.098236904,0.098758233,0.045930337,0.023560395,0.031771778,0.007944812,0.016773476,0.019135092
28/2/19,0.029803276,0.079904095,0.064949255,0.058327113,0.075419642,0.078351236,0.060653524,0.044677126,0.049408533,0.076503379,0.014775471,0.036448127,0.09351094,0.056808328,0.021015765,0.066438521,0.006882272,0.083843926,0.079040134,0.084339351
29/3/19,0.017345902,0.015190837,0.093062286,0.085287907,0.065585295,0.003667227,0.067834478,0.087761542,0.012543703,0.013165486,0.032248105,0.046598258,0.012096646,0.004535711,0.090254105,0.01833119,0.075241504,0.048028711,0.00311969,0.054219155
30/4/19,0.037591047,0.077509081,0.068333568,0.046155129,0.014879642,0.036644581,0.071162138,0.040697909,0.050776364,0.0135329,0.056859568,0.076313087,0.017170623,0.058492114,0.040941422,0.052446293,0.007233549,0.012966298,0.048462477,0.009280129
31/5/19,-0.067757941,0.095762055,0.001469341,0.055421991,0.068752237,0.018864955,0.090417812,0.035629128,0.08364808,0.065180269,0.088715036,0.029325752,0.079642262,0.078833653,0.098874946,0.093622329,0.005637751,0.092490603,0.033154205,0.082981506
28/6/19,0.066304488,0.053907513,0.022908929,0.005374538,0.036628617,0.047128457,0.028136185,0.069628148,0.018797324,0.054111705,0.060120916,0.012147394,0.02738358,0.036503989,0.030063629,0.044705959,0.061027573,0.057461746,0.087891549,0.096824084
31/7/19,0.012370418,0.027315615,0.009436528,0.085981375,0.018542482,0.023935474,0.048504272,0.008225395,0.088474189,0.051840452,0.077193995,0.044812994,0.084761946,0.020556445,0.008174208,0.082596811,0.09463322,0.008961843,0.086959762,0.019143973
30/8/19,-0.01756686,0.032794401,0.064308256,0.030054251,0.099546978,0.080420184,0.067895138,0.006900448,0.063577408,0.064182218,0.040749415,0.074198439,0.058919349,0.078248323,0.00087027,0.050759171,0.019649498,0.017093429,0.032256715,0.053355609
30/9/19,0.016737828,0.097343625,0.075811537,0.027542155,0.071297468,0.033917678,0.046267885,0.082892862,0.034634246,0.027764905,0.071090247,0.028085718,0.014272859,0.012233174,0.075570989,0.066493677,0.052617922,0.061047231,0.064353757,0.055305041
31/10/19,0.01992611,0.089941117,0.041331991,0.023659231,0.082918233,0.084669741,0.071560763,0.021006003,0.012798381,0.091866382,0.009888534,0.032162557,0.079908491,0.084648193,0.079066038,0.094817298,0.083489488,0.023943589,0.047029985,0.099806094
29/11/19,0.03445659,0.021619882,0.095320375,0.016548558,0.032451014,0.051772643,0.006713405,0.040746094,0.008340331,0.057360332,0.078575721,0.097496881,0.032091267,0.007108594,0.08194113,0.095145469,0.05266795,0.091860592,0.014020885,0.018232522
31/12/19,0.028270473,0.001121469,0.060647746,0.031744655,0.079433343,0.086023883,0.07799628,0.064255262,0.004663352,0.080795694,0.063805883,0.064481297,0.012219019,0.047090418,0.012283525,0.000726058,0.069331292,0.048533291,0.057989742,0.042864002